{"cameraMode":{"drawMode":0,"name":"Shaded","section":"Shading Mode"},"sceneLighting":true,"audioPlay":false,"sceneViewState":{"m_AlwaysRefresh":false,"showFog":true,"showSkybox":true,"showFlares":true,"showImageEffects":true,"showParticleSystems":true,"showVisualEffectGraphs":true,"m_FxEnabled":true},"in2DMode":false,"pivot":{"x":-3.0724382400512697,"y":-1.86637544631958,"z":2.920572280883789},"rotation":{"x":-0.13488318026065827,"y":0.015451157465577126,"z":-0.0021147052757441999,"w":-0.9907517433166504},"size":16.948341369628908,"orthographic":false}